<?xml version="1.0" encoding="UTF-8"?>
<beans xmlns="http://www.springframework.org/schema/beans"
	xmlns:xsi="http://www.w3.org/2001/XMLSchema-instance" xmlns:context="http://www.springframework.org/schema/context"
	xmlns:mvc="http://www.springframework.org/schema/mvc" xmlns:aop="http://www.springframework.org/schema/aop"
	xsi:schemaLocation="http://www.springframework.org/schema/beans
		http://www.springframework.org/schema/beans/spring-beans.xsd
		http://www.springframework.org/schema/context
		http://www.springframework.org/schema/context/spring-context.xsd
		http://www.springframework.org/schema/mvc 
		http://www.springframework.org/schema/mvc/spring-mvc.xsd http://www.springframework.org/schema/aop http://www.springframework.org/schema/aop/spring-aop.xsd">


	<!-- 激活组件扫描功能,扫描aop的相关组件组件 -->
	<context:component-scan base-package="com.pope.contract.aop" />
	<!-- 启动对@AspectJ注解的支持 -->
	<aop:aspectj-autoproxy proxy-target-class="true" />

	<!--简化配置: 1、自动注册DefaultAnnotationHandlerMapping,AnnotationMethodHandlerAdapter 
		2、提供一系列:数据绑定,数字和日期的format,@NumberFormat,@DataTimeFormat,xml,json默认读写支持 -->
	<mvc:annotation-driven validator="validator" />
	<bean id="validator"
		class="org.springframework.validation.beanvalidation.LocalValidatorFactoryBean">
		<property name="providerClass" value="org.hibernate.validator.HibernateValidator" />
		<!-- 如果不加默认到 使用classpath下的 ValidationMessages.properties -->
		<!-- <property name="validationMessageSource" ref="messageSource"/> -->
	</bean>
	
	
	<!--静态资源默认servlet配置 1、加入对静态资源的处理:js,css,gif,png 2、允许使用"/"做整体映射 -->
	<mvc:default-servlet-handler />

	<!--配置JSP 显示ViewResolver -->
	<bean
		class="org.springframework.web.servlet.view.InternalResourceViewResolver">
		<property name="viewClass"
			value="org.springframework.web.servlet.view.JstlView" />
		<property name="prefix" value="/WEB-INF/jsp/" />
		<property name="suffix" value=".jsp" />
	</bean>
	
	<!--扫描web相关的controller -->
	<context:component-scan base-package="com.pope.contract.web" />

	<!--全局异常捕捉 -->
	<!-- <bean class="com.wisedu.crowd.web.exception.GlobalExceptionResolver" /> -->
	
</beans>