<?xml version="1.0" encoding="UTF-8" ?>
<!DOCTYPE configuration
        PUBLIC "-//mybatis.org//DTD Config 3.0//EN"
        "http://mybatis.org/dtd/mybatis-3-config.dtd">
<configuration>
    <!--配置全局属性-->
    <settings>
        <!--使用jdbc的getGeneratekeys获取自增主键值-->
        <setting name="useGeneratedKeys" value="true"/>
        <!--使用列别名替换别名　　默认true-->
        <setting name="useColumnLabel" value="true"/>
        <!--开启驼峰命名转换Table:create_time到 Entity(createTime)-->
        <!-- <setting name="mapUnderscoreToCamelCase" value="true"/> -->
        
    </settings>
     <plugins>
        <plugin interceptor="com.github.pagehelper.PageHelper">
            <property name="dialect" value="mysql"/>
            <property name="offsetAsPageNum" value="false"/>
            <property name="rowBoundsWithCount" value="true"/>
            <property name="pageSizeZero" value="true"/>
            <property name="reasonable" value="false"/>
            <property name="supportMethodsArguments" value="false"/>
            <property name="returnPageInfo" value="none"/>
        </plugin>
   	 </plugins> 
</configuration>
