<?xml version="1.0" encoding="UTF-8" ?>
<!DOCTYPE mapper PUBLIC "-//mybatis.org//DTD Mapper 3.0//EN" "http://mybatis.org/dtd/mybatis-3-mapper.dtd" >
<mapper namespace="com.pope.contract.dao.system.RoleMapper" >
  <resultMap id="BaseResultMap" type="com.pope.contract.entity.system.Role" >
    <id column="WID" property="wid" jdbcType="VARCHAR" />
    <result column="NAME" property="name" jdbcType="VARCHAR" />
    <result column="DESCRIPTION" property="description" jdbcType="VARCHAR" />
    <result column="isFinal" property="isfinal" jdbcType="INTEGER" />
    <result column="STATUS" property="status" jdbcType="INTEGER" />
    <result column="CreateTime" property="createtime" jdbcType="TIMESTAMP" />
    <result column="CreateBy" property="createby" jdbcType="VARCHAR" />
    <result column="UpdateTime" property="updatetime" jdbcType="TIMESTAMP" />
    <result column="UpdateBy" property="updateby" jdbcType="VARCHAR" />
    <result column="OrderBy" property="orderby" jdbcType="INTEGER" />
  </resultMap>
  <sql id="Base_Column_List" >
    WID, NAME, DESCRIPTION, isFinal, STATUS, CreateTime, CreateBy, UpdateTime, UpdateBy, 
    OrderBy
  </sql>
  <select id="selectByPrimaryKey" resultMap="BaseResultMap" parameterType="java.lang.String" >
    select 
    <include refid="Base_Column_List" />
    from t_contract_sys_role
    where WID = #{wid,jdbcType=VARCHAR}
    
  </select>
  <select id="selectRolesByUserId" resultMap="BaseResultMap" parameterType="java.lang.String" >
    select 
    <include refid="Base_Column_List" />
    from t_contract_sys_role
    where WID IN (SELECT ROLEID FROM t_contract_user_userinfo_role WHERE USERID=#{userId,jdbcType=VARCHAR})
    AND STATUS=1
    ORDER BY ORDERBY
  </select>
  
  <delete id="deleteByPrimaryKey" parameterType="java.lang.String" >
    delete from t_contract_sys_role
    where WID = #{wid,jdbcType=VARCHAR}
  </delete>
  <insert id="insert" parameterType="com.pope.contract.entity.system.Role" >
    insert into t_contract_sys_role (WID, NAME, DESCRIPTION, 
      isFinal, STATUS, CreateTime, 
      CreateBy, UpdateTime, UpdateBy, 
      OrderBy)
    values (#{wid,jdbcType=VARCHAR}, #{name,jdbcType=VARCHAR}, #{description,jdbcType=VARCHAR}, 
      #{isfinal,jdbcType=INTEGER}, #{status,jdbcType=INTEGER}, #{createtime,jdbcType=TIMESTAMP}, 
      #{createby,jdbcType=VARCHAR}, #{updatetime,jdbcType=TIMESTAMP}, #{updateby,jdbcType=VARCHAR}, 
      #{orderby,jdbcType=INTEGER})
  </insert>
  <insert id="insertSelective" parameterType="com.pope.contract.entity.system.Role" >
    insert into t_contract_sys_role
    <trim prefix="(" suffix=")" suffixOverrides="," >
      <if test="wid != null" >
        WID,
      </if>
      <if test="name != null" >
        NAME,
      </if>
      <if test="description != null" >
        DESCRIPTION,
      </if>
      <if test="isfinal != null" >
        isFinal,
      </if>
      <if test="status != null" >
        STATUS,
      </if>
      <if test="createtime != null" >
        CreateTime,
      </if>
      <if test="createby != null" >
        CreateBy,
      </if>
      <if test="updatetime != null" >
        UpdateTime,
      </if>
      <if test="updateby != null" >
        UpdateBy,
      </if>
      <if test="orderby != null" >
        OrderBy,
      </if>
    </trim>
    <trim prefix="values (" suffix=")" suffixOverrides="," >
      <if test="wid != null" >
        #{wid,jdbcType=VARCHAR},
      </if>
      <if test="name != null" >
        #{name,jdbcType=VARCHAR},
      </if>
      <if test="description != null" >
        #{description,jdbcType=VARCHAR},
      </if>
      <if test="isfinal != null" >
        #{isfinal,jdbcType=INTEGER},
      </if>
      <if test="status != null" >
        #{status,jdbcType=INTEGER},
      </if>
      <if test="createtime != null" >
        #{createtime,jdbcType=TIMESTAMP},
      </if>
      <if test="createby != null" >
        #{createby,jdbcType=VARCHAR},
      </if>
      <if test="updatetime != null" >
        #{updatetime,jdbcType=TIMESTAMP},
      </if>
      <if test="updateby != null" >
        #{updateby,jdbcType=VARCHAR},
      </if>
      <if test="orderby != null" >
        #{orderby,jdbcType=INTEGER},
      </if>
    </trim>
  </insert>
  <update id="updateByPrimaryKeySelective" parameterType="com.pope.contract.entity.system.Role" >
    update t_contract_sys_role
    <set >
      <if test="name != null" >
        NAME = #{name,jdbcType=VARCHAR},
      </if>
      <if test="description != null" >
        DESCRIPTION = #{description,jdbcType=VARCHAR},
      </if>
      <if test="isfinal != null" >
        isFinal = #{isfinal,jdbcType=INTEGER},
      </if>
      <if test="status != null" >
        STATUS = #{status,jdbcType=INTEGER},
      </if>
      <if test="createtime != null" >
        CreateTime = #{createtime,jdbcType=TIMESTAMP},
      </if>
      <if test="createby != null" >
        CreateBy = #{createby,jdbcType=VARCHAR},
      </if>
      <if test="updatetime != null" >
        UpdateTime = #{updatetime,jdbcType=TIMESTAMP},
      </if>
      <if test="updateby != null" >
        UpdateBy = #{updateby,jdbcType=VARCHAR},
      </if>
      <if test="orderby != null" >
        OrderBy = #{orderby,jdbcType=INTEGER},
      </if>
    </set>
    where WID = #{wid,jdbcType=VARCHAR}
  </update>
  <update id="updateByPrimaryKey" parameterType="com.pope.contract.entity.system.Role" >
    update t_contract_sys_role
    set NAME = #{name,jdbcType=VARCHAR},
      DESCRIPTION = #{description,jdbcType=VARCHAR},
      isFinal = #{isfinal,jdbcType=INTEGER},
      STATUS = #{status,jdbcType=INTEGER},
      CreateTime = #{createtime,jdbcType=TIMESTAMP},
      CreateBy = #{createby,jdbcType=VARCHAR},
      UpdateTime = #{updatetime,jdbcType=TIMESTAMP},
      UpdateBy = #{updateby,jdbcType=VARCHAR},
      OrderBy = #{orderby,jdbcType=INTEGER}
    where WID = #{wid,jdbcType=VARCHAR}
  </update>
</mapper>